green,red,IR,acc_x,acc_y,acc_z,sample_index
83047,195375,206703,8.0817583315,-4.42672181,3.0616165167,1
82736,195216,206637,8.1224363157,-4.2747775749,3.0161528873,2
82606,195099,206647,8.1547394208,-4.3130627365,2.8642086522,3
82679,195065,206633,8.0925260332,-4.4901316089,2.9587251449000003,4
82876,195065,206603,8.1140614366,-4.3812581806,2.9718856692,5
83078,195092,206638,8.183453292,-4.4793639072,3.0125636533999995,6
83248,195125,206650,8.262416437799999,-4.4721854394000005,2.9359933301999996,7
83342,195122,206723,8.1918281711,-4.3633120111,3.0017959517,8
83474,195188,206744,7.969295669299999,-4.3334017286,2.9575287336000002,9
83589,195209,206748,8.0925260332,-4.4075792292,3.0329026454999997,10
83748,195222,206757,8.1140614366,-4.3573299546,3.0424739359,11
83943,195268,206778,8.0470624038,-4.3884366484,2.9838497821999996,12
84155,195327,206825,8.1439717191,-4.3812581806,3.0233313551,13
84379,195376,206858,8.183453292,-4.3345981399,2.9276184511,14
84551,195483,206886,7.998009540499999,-4.4243289874,2.9503502657999996,15
84827,195521,206959,8.1451681304,-4.4542392699,2.9647072014,16
85018,195600,206983,8.1918281711,-4.3334017286,2.9934210726,17
85191,195644,207026,8.2109707519,-4.5092741897,3.0699913958000002,18
84965,195650,207034,8.049455226400001,-4.3298124947,2.9072794589999997,19
84347,195453,206970,8.1619178886,-4.4195433422,2.9611179675,20
83799,195213,206855,8.128418372199999,-4.3381873738,3.0903303879,21
83476,195057,206739,8.061419339399999,-4.5068813671,2.9694928465999997,22
83352,194950,206743,8.1870425259,-4.4434715682,3.0029923629999997,23
83384,194901,206691,8.1882389372,-4.4841495524,2.9264220398,24
83545,194905,206682,8.0135628874,-4.3920258823,3.0376882907,25
83755,194947,206739,8.1535430095,-4.3609191885,3.0221349438,26
83937,194979,206761,8.0805619202,-4.3286160834,2.9575287336000002,27
84029,195055,206768,8.1212399044,-4.4398823343,2.9766713144,28
84213,195035,206801,8.1212399044,-4.4075792292,2.9862426048,29
84350,195070,206834,8.0650085733,-4.3369909625,2.9647072014,30
84487,195122,206852,8.1200434931,-4.414757697,2.919243572,31
84661,195148,206876,8.1104722027,-4.3645084224,3.0101708308,32
84856,195222,206920,8.1044901462,-4.353740720699999,3.0221349438,33
85051,195277,206945,8.0470624038,-4.5140598349,3.0352954681,34
85241,195328,207000,8.1583286547,-4.295116567,2.979064137,35
85454,195409,207049,8.1918281711,-4.2855452766,2.9754749031,36
85663,195472,207071,8.249255913499999,-4.3286160834,2.9395825641,37
85876,195570,207101,8.0542408716,-4.3752761241,2.9802605483,38
86039,195580,207175,8.0685978072,-4.415954108299999,3.0101708308,39
86051,195642,207232,8.0733834524,-4.4207397534999995,2.9288148624,40
85635,195519,207158,8.027919823,-4.4721854394000005,2.8809584104000003,41
85086,195348,207104,8.102097323599999,-4.4697926167999995,2.9874390161,42
84866,195195,207023,8.1499537756,-4.2640098732,3.0556344602,43
84711,195076,206937,8.0183485326,-4.4219361648,2.9742784918,44
84722,195032,206932,8.0422767586,-4.4602213264,2.9814569596,45
84819,194994,206898,8.1631142999,-4.4327038665,2.8953153460000003,46
84986,195085,206971,8.1535430095,-4.4135612857,2.9694928465999997,47
85135,195117,206942,8.1906317598,-4.4051864066,2.9216363945999997,48
85227,195150,206999,8.0853475654,-4.342973019,2.9647072014,49
85303,195181,207038,8.170292767700001,-4.415954108299999,2.9527430884,50
85399,195179,207051,8.0805619202,-4.2460637037,3.0317062341999996,51
85474,195236,207012,8.1499537756,-4.3920258823,2.9264220398,52
85631,195243,207021,8.0566336942,-4.4015971727,3.0843483314,53
85774,195276,207080,8.1272219609,-4.3166519704,3.1238299043,54
85911,195333,207083,8.0374911134,-4.402793583999999,2.9778677257000004,55
86098,195404,207129,8.0973116784,-4.4721854394000005,3.0448667585,56
86274,195420,207191,8.2025958728,-4.4219361648,3.0783662749,57
86443,195513,207220,8.0650085733,-4.3046878574,2.9862426048,58
86578,195604,207272,8.1403824852,-4.295116567,3.0364918793999998,59
86386,195528,207253,8.0087772422,-4.42672181,2.8737799425999997,60
85889,195392,207201,8.0470624038,-4.4219361648,2.9635107901000004,61
85378,195174,207111,8.1188470818,-4.3082770913,3.1046873235,62
85020,195003,207008,8.2013994615,-4.4781674959,2.9228328059,63
84827,194918,206943,8.074579863699999,-4.3501514868,3.0245277664,64
84771,194885,206917,8.0207413552,-4.4542392699,2.9599215562,65
84864,194856,206912,8.1619178886,-4.4004007614,2.9647072014,66
84972,194872,206944,8.123632727,-4.5355952383,3.014956476,67
85052,194924,206950,8.0961152671,-4.5236311253,3.1118657913,68
85084,194924,206929,8.075776275,-4.3465622529,3.0137600647,69
85119,194918,206972,8.1870425259,-4.4638105603,2.9551359109999997,70
85194,194968,206972,8.111668614,-4.4697926167999995,3.0005995404,71
85283,194945,206963,8.2097743406,-4.3896330597,3.0376882907,72
85403,194991,207025,8.0362947021,-4.3704904789,3.0005995404,73
85532,195041,207049,8.1571322434,-4.5020957219,2.9503502657999996,74
85671,195117,207034,8.1224363157,-4.3764725354000005,3.0053851856000002,75
85839,195184,207066,8.1499537756,-4.4243289874,3.0484559924,76
85969,195252,207109,8.1104722027,-4.3944187049,2.8761727652,77
86069,195323,207152,8.1499537756,-4.3489550755,3.086741154,78
85821,195223,207183,8.128418372199999,-4.390829471,3.0077780082,79
85160,195046,207135,8.0925260332,-4.4997028993,2.9001009912,80
84463,194804,206935,8.087740388,-4.462614149,2.9826533709,81
83980,194625,206869,7.9968131291999995,-4.390829471,3.0544380489000003,82
83686,194474,206798,8.236095389199999,-4.4889351976,2.9300112737000004,83
83603,194416,206725,8.039883936,-4.382454591899999,3.0005995404,84
83630,194412,206745,8.155935832099999,-4.3334017286,2.9575287336000002,85
83777,194437,206748,8.0733834524,-4.3597227772,3.0364918793999998,86
83867,194483,206779,8.0542408716,-4.3262232608,2.9647072014,87
83965,194482,206801,8.1260255496,-4.4255253987,3.0005995404,88
84032,194518,206798,8.0386875247,-4.3944187049,3.0065815969000003,89
84106,194574,206810,8.116454259200001,-4.3250268494999995,2.9479574432,90
84205,194578,206782,8.1966138163,-4.3884366484,2.9359933301999996,91
84345,194654,206842,8.1188470818,-4.4291146326,2.9874390161,92
84491,194683,206879,8.1678999451,-4.4721854394000005,2.8785655878,93
84655,194719,206944,8.1655071225,-4.4039899953,3.0269205889999995,94
84847,194839,207000,8.1224363157,-4.3860438258,3.0269205889999995,95
85027,194900,207012,8.124829138299999,-4.438685923,3.0687949845,96
85209,194957,207078,8.0374911134,-4.3884366484,2.9575287336000002,97
85203,194974,207122,8.062615750700001,-4.5320060043999995,3.062812928,98
84669,194883,207099,8.099704501,-4.4458643908,2.9144579268,99
83886,194670,206957,8.051848049,-4.3956151162,2.7912275628999996,100
83264,194447,206811,8.0374911134,-4.2568314054,3.0077780082,101
82901,194219,206751,8.115257847899999,-4.390829471,3.014956476,102
82703,194080,206694,8.160721477300001,-4.4111684631,3.0448667585,103
82709,194070,206634,8.0291162343,-4.3645084224,2.9718856692,104
82867,194108,206693,8.1583286547,-4.378865358,3.0173492985999997,105
83060,194138,206663,8.0662049846,-4.4195433422,2.9407789753999998,106
83203,194220,206737,8.0255270004,-4.3836510032,3.0245277664,107
83340,194246,206723,8.026723411699999,-4.3010986235,3.038884702,108
83383,194296,206740,8.0063844196,-4.3932222936,2.8689942974,109
83502,194332,206823,7.9776705484,-4.4973100767,3.0544380489000003,110
83626,194357,206807,8.1080793801,-4.4841495524,3.0580272828,111
83780,194449,206832,8.0183485326,-4.258027816699999,2.9754749031,112
83988,194504,206877,8.2061851067,-4.4757746733,3.0364918793999998,113
84195,194584,206943,7.8975109913,-4.4339002778,3.0305098229,114
84400,194628,206974,8.017152121299999,-4.30708068,2.9862426048,115
84616,194710,207064,8.1104722027,-4.4255253987,3.0053851856000002,116
84808,194791,207124,8.2372918005,-4.3178483817,2.9826533709,117
84920,194858,207173,8.2420774457,-4.3980079388,3.0508488149999997,118
84520,194777,207139,8.0207413552,-4.3860438258,2.9072794589999997,119
83795,194578,207025,8.1487573643,-4.5164526575,3.0460631697999996,120
83191,194292,206925,8.0602229281,-4.3226340269,2.9886354273999998,121
82883,194134,206861,8.1092757914,-4.3956151162,3.0508488149999997,122
82757,194062,206802,8.1200434931,-4.3154555591,3.0376882907,123
82812,194044,206752,8.1332040174,-4.4578285038,2.9958138952,124
83007,194035,206771,8.0303126456,-4.4673997942,3.0891339766000003,125
83244,194094,206788,8.1774712355,-4.414757697,2.9718856692,126
83302,194163,206851,8.1044901462,-4.382454591899999,2.9240292172,127
83498,194162,206837,8.13559684,-4.4111684631,3.0412775246,128
83634,194207,206868,8.0805619202,-4.3106699139,3.0687949845,129
83782,194234,206893,8.044669581199999,-4.3645084224,2.9108686929000003,130
83936,194303,206915,8.1344004287,-4.4721854394000005,3.0927232105,131
84105,194387,206961,8.061419339399999,-4.3692940676,2.9527430884,132
84306,194432,207028,8.111668614,-4.3956151162,3.0747770410000004,133
84536,194516,207065,8.1056865575,-4.42672181,3.0029923629999997,134
84756,194556,207070,8.115257847899999,-4.3836510032,3.0412775246,135
84973,194644,207152,8.1678999451,-4.4434715682,3.0257241777000004,136
85193,194758,207224,8.102097323599999,-4.450650036,2.9958138952,137
85413,194810,207264,7.9764741371,-4.4004007614,3.1250263156,138
85468,194854,207307,8.155935832099999,-4.353740720699999,3.0065815969000003,139
85116,194757,207248,8.027919823,-4.4303110439,2.9682964353,140
84667,194544,207158,8.1918281711,-4.387240237099999,3.0065815969000003,141
84370,194295,207137,8.039883936,-4.3645084224,3.0963124444,142
84270,194201,206999,8.1846497033,-4.3740797127999995,3.0484559924,143
84284,194217,206996,8.044669581199999,-4.3728833015,3.0281170003,144
84393,194177,207019,8.0961152671,-4.342973019,2.9766713144,145
84598,194201,206999,8.102097323599999,-4.492524431500001,3.0759734523,146
84767,194248,207012,8.0650085733,-4.3764725354000005,2.9479574432,147
84911,194330,207038,8.1320076061,-4.3226340269,3.0771698636,148
85023,194318,207023,8.2301133327,-4.4410787456,3.0364918793999998,149
85196,194350,207083,8.0662049846,-4.5188454800999995,2.9084758702999998,150
85294,194391,207080,8.0769726863,-4.3860438258,3.0807590974999997,151
85465,194455,207127,8.0793655089,-4.2819560427,3.0340990568,152
85626,194492,207164,8.087740388,-4.2687955184,3.0376882907,153
85865,194552,207192,8.074579863699999,-4.4434715682,3.0616165167,154
86039,194615,207238,8.049455226400001,-4.3716868902,3.0053851856000002,155
86217,194696,207269,8.2229348649,-4.42672181,3.0819555088,156
86413,194749,207337,8.1978102276,-4.3884366484,3.038884702,157
86521,194799,207363,8.0458659925,-4.3250268494999995,3.1310083721,158
86393,194759,207356,7.9992059518000005,-4.390829471,2.9850461935,159
85998,194517,207244,8.1260255496,-4.4937208428,3.0604201053999995,160
85746,194265,207133,8.061419339399999,-4.4051864066,3.0173492985999997,161
85594,194105,207082,8.129614783500001,-4.4075792292,3.0771698636,162
85561,194070,207043,8.1726855903,-4.4554356812,3.0544380489000003,163
85600,194020,206976,8.0781690976,-4.4087756405,3.0604201053999995,164
85729,194036,207009,8.0925260332,-4.510470601,3.0173492985999997,165
85893,194063,207022,8.0829547428,-4.3178483817,2.9934210726,166
86017,194160,207051,7.9764741371,-4.3345981399,2.9515466771,167
86126,194167,207030,8.1188470818,-4.42672181,3.0101708308,168
86217,194224,207071,8.1463645417,-4.3621155998,2.9778677257000004,169
86353,194277,207093,8.1044901462,-4.2281175342,3.0317062341999996,170
86512,194309,207109,8.0255270004,-4.5008993106,3.0532416376,171
86637,194383,207142,8.2157563971,-4.3453658416,2.9934210726,172
86816,194429,207134,8.137989662599999,-4.4291146326,3.014956476,173
86977,194500,207221,8.1391860739,-4.3680976563,3.0544380489000003,174
87181,194584,207278,7.9585279676,-4.3154555591,2.9407789753999998,175
87335,194650,207349,8.1308111948,-4.3513478981,3.0293134116,176
87489,194716,207332,8.1188470818,-4.378865358,3.0532416376,177
87536,194759,207379,7.9417782094,-4.4279182213,2.9946174839,178
87286,194633,207313,8.0099736535,-4.2915273330999995,3.0113672421,179
86953,194397,207194,8.267202082999999,-4.4111684631,3.0233313551,180
86624,194190,207107,8.0015987744,-4.415954108299999,3.0759734523,181
86559,194019,207036,8.0961152671,-4.527220359199999,3.0101708308,182
86509,193938,206952,8.049455226400001,-4.4398823343,2.9766713144,183
86545,193913,206905,8.1224363157,-4.4171505196,3.0161528873,184
86630,193969,206948,8.1810604694,-4.4518464473,3.0640093393,185
86765,194010,206964,8.0075808309,-4.3716868902,2.9431717980000003,186
86851,194018,207006,8.0542408716,-4.4590249151000005,3.0711878071,187
86934,194047,206972,8.182256880699999,-4.354937132,2.9168507494,188
87025,194087,206986,8.1583286547,-4.4362931003999995,3.1525437755,189
87113,194176,207012,8.1463645417,-4.4374895117,3.0029923629999997,190
87221,194213,207026,8.1774712355,-4.4195433422,3.0125636533999995,191
87354,194254,207120,8.0853475654,-4.4793639072,3.0412775246,192
87493,194337,207132,8.0482588151,-4.4841495524,3.0532416376,193
87630,194416,207206,8.1415788965,-4.342973019,2.9527430884,194
87790,194514,207236,8.051848049,-4.2484565263,2.8773691765,195
87915,194552,207271,7.992027484,-4.3956151162,2.9934210726,196
88110,194652,207319,8.1774712355,-4.3597227772,2.9647072014,197
88210,194717,207356,8.1583286547,-4.4673997942,2.9814569596,198
88121,194747,207391,8.0542408716,-4.4195433422,3.0424739359,199
87778,194540,207280,8.0685978072,-4.3369909625,2.9527430884,200
87405,194263,207132,8.0674013959,-4.390829471,3.0424739359,201
87119,194079,207054,8.0063844196,-4.3334017286,3.0245277664,202
86941,193953,206991,8.1631142999,-4.3154555591,2.9479574432,203
86842,193902,206919,7.942974620699999,-4.450650036,2.9694928465999997,204
86861,193904,206911,8.1188470818,-4.347758664200001,3.0735806297,205
86927,193922,206939,8.1104722027,-4.4051864066,3.0975088557,206
86997,193996,206974,8.1391860739,-4.4075792292,3.0807590974999997,207
87028,194035,206979,7.998009540499999,-4.331008906,3.0329026454999997,208
87074,194059,207004,8.0554372829,-4.3250268494999995,2.9336005076,209
87128,194093,206985,8.0733834524,-4.319044793,3.0029923629999997,210
87196,194121,207037,8.0350982908,-4.4339002778,3.0125636533999995,211
87285,194177,207037,8.0590265168,-4.4494536247,2.9826533709,212
87378,194208,207080,8.1188470818,-4.4243289874,3.0053851856000002,213
87532,194311,207108,8.0542408716,-4.5332024157,3.0424739359,214
87619,194352,207132,8.0183485326,-4.4207397534999995,3.0735806297,215
87758,194467,207216,8.1427753078,-4.4315074552,3.0400811133000003,216
87878,194555,207289,8.0697942185,-4.3130627365,2.9575287336000002,217
88004,194643,207294,8.0207413552,-4.4602213264,2.9982067177999996,218
88137,194698,207421,8.123632727,-4.3058842687,3.0329026454999997,219
88176,194780,207423,8.1439717191,-4.4087756405,2.9204399833,220
87875,194745,207366,8.159525066,-4.4339002778,2.919243572,221
87393,194478,207300,8.0973116784,-4.4279182213,3.0448667585,222
86929,194160,207169,8.0650085733,-4.3597227772,3.0317062341999996,223
86617,194044,207084,8.0805619202,-4.4518464473,2.9383861528,224
86429,193962,206993,8.1942209937,-4.3848474145,3.0029923629999997,225
86349,193923,206951,8.1882389372,-4.498506487999999,2.9347969189,226
86399,193925,206981,8.0542408716,-4.320241204299999,3.0424739359,227
86440,194023,206964,8.0829547428,-4.4362931003999995,3.0125636533999995,228
86457,194045,206985,8.0063844196,-4.4662033829,2.9647072014,229
86440,194024,206998,8.1870425259,-4.2987058009,3.0604201053999995,230
86432,194089,207023,7.969295669299999,-4.4099720518000005,2.9359933301999996,231
86430,194131,206992,8.099704501,-4.5152562462,3.0592236941,232
86459,194138,207044,8.1344004287,-4.4697926167999995,2.9886354273999998,233
86547,194176,207061,8.0781690976,-4.4315074552,3.0293134116,234
86632,194239,207079,8.1631142999,-4.4697926167999995,3.0352954681,235
86743,194303,207137,8.039883936,-4.4183469309,3.0436703472,236
86862,194384,207195,8.1942209937,-4.3764725354000005,3.0927232105,237
86947,194443,207261,8.0805619202,-4.4243289874,3.0604201053999995,238
87104,194565,207247,8.1511501869,-4.4398823343,3.0436703472,239
87162,194561,207312,8.1332040174,-4.5080777784,3.0364918793999998,240
86848,194571,207325,8.062615750700001,-4.474578262,2.9694928465999997,241
86420,194372,207225,8.0063844196,-4.4075792292,2.9407789753999998,242
85764,194101,207075,8.173882001600001,-4.2843488653,3.0317062341999996,243
85342,193930,206971,8.2217384536,-4.4099720518000005,3.0556344602,244
85097,193812,206927,8.0685978072,-4.4063828179,2.9766713144,245
84961,193779,206866,8.2061851067,-4.3752761241,3.1094729686999996,246
84998,193764,206855,8.13559684,-4.4123648744,3.0029923629999997,247
85062,193802,206910,8.0147592987,-4.5200418914,2.9934210726,248
85089,193849,206902,8.123632727,-4.3932222936,3.0951160330999996,249
85096,193856,206918,8.1320076061,-4.3728833015,2.9599215562,250
85100,193878,206924,7.9740813145,-4.3812581806,2.8989045799,251
85103,193922,206960,8.044669581199999,-4.4111684631,3.0544380489000003,252
85145,193895,206965,8.063812162,-4.465006971599999,2.9826533709,253
85229,193956,206976,8.1128650253,-4.4279182213,3.0233313551,254
85360,194006,207002,8.0374911134,-4.4207397534999995,2.8989045799,255
85455,194089,207051,8.005188008300001,-4.3884366484,2.9718856692,256
85596,194135,207083,8.039883936,-4.3357945512,3.0077780082,257
85742,194245,207156,8.039883936,-4.4470608021,3.0173492985999997,258
85885,194270,207159,8.115257847899999,-4.4339002778,3.0723842184,259
85831,194344,207235,7.928617685100001,-4.4051864066,3.0125636533999995,260
85310,194182,207145,8.005188008300001,-4.3621155998,2.9383861528,261
84580,193925,207032,8.182256880699999,-4.4195433422,3.0317062341999996,262
83984,193612,206896,8.1547394208,-4.4075792292,2.9958138952,263
83632,193480,206796,8.1260255496,-4.3932222936,3.0723842184,264
83437,193374,206736,8.1128650253,-4.3776689467,2.9970103065,265
83429,193307,206741,8.0291162343,-4.2795632201,2.9826533709,266
83556,193352,206734,8.1463645417,-4.4183469309,3.0532416376,267
83662,193400,206785,7.9262248625,-4.4135612857,3.0269205889999995,268
83757,193462,206798,8.124829138299999,-4.3633120111,3.1022945009000003,269
83815,193469,206836,8.2660056717,-4.4398823343,3.0675985732,270
83906,193505,206799,8.2037922841,-4.5008993106,3.0221349438,271
83989,193580,206881,7.984849016199999,-4.3716868902,3.0005995404,272
84110,193620,206914,8.0327054682,-4.4518464473,2.9766713144,273
84253,193683,206968,8.182256880699999,-4.4075792292,3.0340990568,274
84424,193715,206994,8.1320076061,-4.4087756405,2.9647072014,275
84610,193847,207044,7.9716884919,-4.4291146326,3.0496524037,276
84800,193895,207109,8.0303126456,-4.4362931003999995,3.0005995404,277
84970,194011,207133,8.1391860739,-4.402793583999999,2.979064137,278
85165,194101,207189,8.123632727,-4.3585263658999995,2.9455646206,279
85305,194175,207281,8.0793655089,-4.5595234643,3.1046873235,280
85031,194129,207259,8.1080793801,-4.3417766077,2.9575287336000002,281
84334,193888,207186,8.1487573643,-4.4195433422,2.8785655878,282
83696,193551,206983,8.1403824852,-4.4422751569,3.0508488149999997,283
83270,193361,206873,8.1308111948,-4.4315074552,2.9886354273999998,284
83081,193240,206858,8.0315090569,-4.4673997942,2.9575287336000002,285
82962,193129,206781,8.044669581199999,-4.4841495524,3.0077780082,286
83102,193128,206763,7.9752777258,-4.2508493489,3.0376882907,287
83282,193232,206764,8.063812162,-4.5008993106,3.0580272828,288
83464,193282,206823,8.057830105499999,-4.4051864066,3.014956476,289
83553,193292,206854,8.1367932513,-4.3812581806,2.9742784918,290
83686,193373,206931,8.0219377665,-4.4315074552,3.0759734523,291
83780,193397,206966,8.044669581199999,-4.4315074552,2.9742784918,292
83921,193462,206924,8.0853475654,-4.3154555591,3.0508488149999997,293
84070,193539,206984,8.0207413552,-4.4578285038,3.0879375653000003,294
84235,193570,207054,8.0650085733,-4.4004007614,3.0125636533999995,295
84456,193676,207039,8.1128650253,-4.4303110439,2.9443682093000003,296
84645,193765,207116,8.0901332106,-4.4362931003999995,3.0053851856000002,297
84855,193853,207161,8.0291162343,-4.3728833015,2.9862426048,298
85061,193932,207223,8.087740388,-4.4518464473,3.0747770410000004,299
85264,194057,207267,8.01595571,-4.415954108299999,3.1022945009000003,300
85451,194103,207313,8.1367932513,-4.347758664200001,3.0340990568,301
85486,194167,207379,8.1200434931,-4.414757697,2.9347969189,302
85061,194033,207313,7.986045427500001,-4.4434715682,2.8821548217,303
84453,193765,207195,8.124829138299999,-4.3417766077,3.0065815969000003,304
84003,193519,207041,8.1056865575,-4.2939201557,3.0675985732,305
83760,193315,206920,8.0506516377,-4.4530428586,2.9982067177999996,306
83580,193226,206899,8.1272219609,-4.4889351976,2.883351233,307
83746,193210,206863,8.074579863699999,-4.353740720699999,2.9168507494,308
83861,193245,206922,8.1032937349,-4.4673997942,3.0520452262999997,309
84038,193314,206880,7.9752777258,-4.3740797127999995,3.0017959517,310
84184,193374,206978,8.116454259200001,-4.3980079388,2.8797619991,311
84337,193407,206975,8.0733834524,-4.3393837851,2.9898318387,312
84400,193445,207029,7.942974620699999,-4.3286160834,3.0412775246,313
84526,193501,207059,8.084151154099999,-4.3274196721000004,3.1130622026,314
84662,193560,207058,8.0015987744,-4.4315074552,3.0436703472,315
84812,193614,207083,8.0470624038,-4.4171505196,2.9647072014,316
84998,193708,207114,8.003991596999999,-4.3513478981,3.0376882907,317
85186,193772,207176,8.049455226400001,-4.4841495524,3.0616165167,318
85373,193876,207230,8.099704501,-4.3585263658999995,2.979064137,319
85568,193927,207306,8.1750784129,-4.3728833015,3.0580272828,320
85728,194067,207305,8.2133635745,-4.3417766077,2.967100024,321
85937,194094,207402,8.017152121299999,-4.42672181,3.0329026454999997,322
86101,194221,207421,8.061419339399999,-4.2604206393,3.1334011947,323
86129,194262,207495,8.084151154099999,-4.4063828179,3.0843483314,324
85763,194156,207410,7.9190463947000005,-4.4219361648,3.0077780082,325
85288,193883,207254,8.0769726863,-4.402793583999999,3.0687949845,326
84917,193641,207163,8.063812162,-4.4458643908,2.9611179675,327
84735,193490,207102,8.1678999451,-4.3716868902,3.0125636533999995,328
84677,193487,207082,8.111668614,-4.5296131818,2.9491538545,329
84739,193475,207068,8.1200434931,-4.354937132,2.9599215562,330
84873,193495,207093,8.0350982908,-4.2532421715,2.9383861528,331
85003,193571,207119,8.01595571,-4.4171505196,3.0221349438,332
85082,193635,207128,8.049455226400001,-4.4075792292,3.0317062341999996,333
85134,193641,207101,8.0542408716,-4.4004007614,3.0269205889999995,334
85213,193679,207158,8.0817583315,-4.4219361648,2.9862426048,335
85286,193691,207172,8.1320076061,-4.4662033829,2.9958138952,336
85429,193725,207153,8.039883936,-4.3334017286,3.0556344602,337
85475,193784,207214,8.1068829688,-4.5152562462,3.0101708308,338
85684,193869,207179,8.1535430095,-4.3501514868,2.9886354273999998,339
85852,193975,207325,8.2037922841,-4.3154555591,3.0532416376,340
86006,194034,207339,8.0374911134,-4.4195433422,3.0209385325,341
86154,194105,207326,8.1224363157,-4.4889351976,3.0221349438,342
86373,194173,207385,8.0015987744,-4.390829471,2.9575287336000002,343
86419,194257,207493,8.0590265168,-4.4889351976,3.0795626862,344
86233,194266,207451,8.0255270004,-4.331008906,2.8881368781999996,345
85673,194017,207350,8.0925260332,-4.4961136654,2.9838497821999996,346
85112,193719,207189,8.129614783500001,-4.3692940676,3.0556344602,347
84732,193512,207101,8.1128650253,-4.4123648744,3.0939196218,348
84512,193385,207001,7.9716884919,-4.3621155998,3.0412775246,349
84407,193352,206995,8.0015987744,-4.4243289874,3.0496524037,350
84508,193356,206979,8.1499537756,-4.4793639072,2.9742784918,351
84536,193391,206965,8.0303126456,-4.3369909625,2.9120651042,352
84604,193408,207025,8.1080793801,-4.527220359199999,2.9982067177999996,353
84628,193439,207058,8.1104722027,-4.3405801963999995,3.0460631697999996,354
84659,193412,207039,8.0590265168,-4.438685923,2.9730820805000002,355
84726,193521,207052,8.074579863699999,-4.3369909625,3.0125636533999995,356
84797,193524,207063,8.1009009123,-4.4482572134,3.0340990568,357
84892,193627,207109,8.1655071225,-4.4482572134,2.9862426048,358
85036,193692,207128,8.2241312762,-4.3274196721000004,3.0041887742999998,359
85188,193733,207199,8.1415788965,-4.4410787456,3.0269205889999995,360
85347,193791,207198,8.0805619202,-4.4135612857,3.0221349438,361
85490,193901,207260,7.9489566772,-4.4315074552,3.0460631697999996,362
85652,193954,207316,8.1750784129,-4.3896330597,3.038884702,363
85747,194012,207336,8.0973116784,-4.4279182213,3.0687949845,364
85366,193967,207318,8.075776275,-4.498506487999999,2.9623143788,365
84634,193680,207177,7.980063371,-4.3489550755,2.9874390161,366
83999,193366,207039,8.0554372829,-4.4362931003999995,3.0664021618999997,367
83527,193160,206910,8.1774712355,-4.3980079388,3.0077780082,368
83287,193023,206836,8.0949188558,-4.2891345105,2.9587251449000003,369
83164,192953,206804,8.1655071225,-4.4171505196,3.0364918793999998,370
83210,192958,206821,8.0781690976,-4.3812581806,3.0807590974999997,371
83358,192991,206819,7.9669028467,-4.4123648744,3.0197421212,372
83479,193066,206885,8.0219377665,-4.3393837851,3.0556344602,373
83532,193118,206866,8.01595571,-4.4769710846,3.0436703472,374
83643,193166,206923,8.2109707519,-4.3956151162,3.0065815969000003,375
83733,193208,206951,8.0674013959,-4.3513478981,3.0484559924,376
83851,193256,206983,8.2289169214,-4.3896330597,3.1022945009000003,377
83993,193312,206985,8.128418372199999,-4.3944187049,2.9706892578999997,378
84151,193363,207104,8.123632727,-4.4937208428,2.9838497821999996,379
84343,193489,207087,7.9992059518000005,-4.3752761241,2.9718856692,380
84525,193575,207204,8.0590265168,-4.4219361648,3.0364918793999998,381
84722,193661,207211,8.2037922841,-4.42672181,3.0484559924,382
84897,193748,207256,8.0817583315,-4.4410787456,3.0340990568,383
85100,193842,207369,8.1104722027,-4.4697926167999995,3.0508488149999997,384
85146,193937,207366,8.0470624038,-4.4291146326,3.0843483314,385
84713,193791,207337,8.0913296219,-4.5367916496,2.9742784918,386
83932,193528,207201,8.0889367993,-4.3920258823,3.0364918793999998,387
83288,193228,206980,8.1080793801,-4.3609191885,2.9694928465999997,388
82895,192998,206915,8.0315090569,-4.5008993106,3.0951160330999996,389
82711,192914,206828,8.074579863699999,-4.5487557626,3.0879375653000003,390
82702,192847,206774,8.0255270004,-4.382454591899999,2.9934210726,391
82824,192864,206793,8.070990629799999,-4.4590249151000005,3.1429724850999996,392
83008,192926,206865,8.1487573643,-4.3166519704,3.0221349438,393
83139,192993,206919,8.049455226400001,-4.4183469309,3.0891339766000003,394
83310,193049,206907,7.992027484,-4.2675991071,3.0317062341999996,395
83390,193108,206951,8.1092757914,-4.3992043501,3.0269205889999995,396
83507,193147,207010,8.1056865575,-4.3345981399,3.0221349438,397
83622,193184,206993,8.0865439767,-4.4183469309,3.0915267992,398
83809,193239,207074,8.1391860739,-4.474578262,2.9850461935,399
84005,193360,207108,8.1332040174,-4.415954108299999,2.9874390161,400
84182,193409,207158,8.0123664761,-4.4446679795,3.0436703472,401
84412,193500,207243,8.0183485326,-4.3752761241,2.9982067177999996,402
84613,193634,207276,8.1667035338,-4.4769710846,3.0508488149999997,403
84817,193703,207356,8.1320076061,-4.3094735026,3.0807590974999997,404
85032,193810,207372,8.123632727,-4.4614177377,3.0209385325,405
85233,193881,207419,8.102097323599999,-4.450650036,3.0831519201,406
85313,194020,207444,7.9992059518000005,-4.3776689467,3.0005995404,407
84943,193938,207460,8.0027951857,-4.4243289874,2.9599215562,408
84239,193633,207281,8.1547394208,-4.3034914461,2.9814569596,409
83653,193389,207176,8.062615750700001,-4.3633120111,3.1034909122000003,410
83347,193187,207061,8.057830105499999,-4.3597227772,3.0364918793999998,411
83178,193080,207015,7.9872418388,-4.5044885445,3.0412775246,412
83254,193097,206986,8.075776275,-4.465006971599999,3.1453653077,413
83398,193093,206997,7.8927253461,-4.3298124947,3.0604201053999995,414
83565,193169,207026,8.0135628874,-4.4279182213,3.0664021618999997,415
83694,193223,207055,8.0901332106,-4.4721854394000005,3.0759734523,416
83789,193278,207087,8.0805619202,-4.4339002778,3.014956476,417
83864,193297,207111,8.1080793801,-4.2915273330999995,3.0101708308,418
83984,193369,207127,8.0985080897,-4.5212383027000005,3.0484559924,419
84095,193409,207163,8.0243305891,-4.3657048337,3.0783662749,420
84248,193444,207170,8.1882389372,-4.4482572134,3.0340990568,421
84415,193525,207233,8.0590265168,-4.3214376156,3.1022945009000003,422
84599,193570,207279,8.1511501869,-4.3884366484,3.0412775246,423
84764,193663,207341,7.9932238953,-4.4291146326,2.9587251449000003,424
84964,193738,207337,8.0374911134,-4.4015971727,3.1286155494999996,425
85147,193841,207460,8.1631142999,-4.4458643908,3.0245277664,426
85343,193959,207481,8.0566336942,-4.378865358,3.0807590974999997,427
85450,194046,207555,8.0949188558,-4.5415772948,3.0915267992,428
85176,193966,207490,8.0829547428,-4.4171505196,3.014956476,429
84527,193705,207397,8.1535430095,-4.3812581806,3.0520452262999997,430
83934,193385,207265,8.0805619202,-4.4219361648,3.098705267,431
83612,193229,207124,7.9824561936,-4.4841495524,2.9443682093000003,432
83457,193137,207068,8.1009009123,-4.3573299546,3.1692935337,433
83440,193107,207021,7.9872418388,-4.4315074552,3.0065815969000003,434
83574,193130,207036,8.0685978072,-4.3932222936,3.0819555088,435
83736,193198,207053,8.039883936,-4.378865358,2.9647072014,436
83899,193212,207093,8.1188470818,-4.4602213264,3.0173492985999997,437
83885,193254,207125,8.0985080897,-4.4889351976,3.0675985732,438
84054,193296,207160,8.116454259200001,-4.4051864066,2.9623143788,439
84149,193310,207189,8.0865439767,-4.4135612857,3.0687949845,440
84211,193351,207210,8.0949188558,-4.3920258823,3.0652057506,441
84361,193414,207224,8.0685978072,-4.4362931003999995,3.0317062341999996,442
84531,193461,207240,8.0973116784,-4.4602213264,3.0125636533999995,443
84681,193542,207298,8.1080793801,-4.3118663252,3.0999016782999997,444
84847,193610,207333,8.061419339399999,-4.3645084224,3.014956476,445
85028,193700,207375,8.160721477300001,-4.4434715682,3.0496524037,446
85198,193787,207435,8.0781690976,-4.3405801963999995,3.0173492985999997,447
85339,193865,207503,8.2229348649,-4.5248275366,3.1010980895999998,448
85105,193840,207525,8.0985080897,-4.4877387863000004,3.0245277664,449
84449,193612,207359,7.992027484,-4.3633120111,2.9647072014,450
83768,193257,207144,8.0925260332,-4.465006971599999,3.0173492985999997,451
83305,193048,207004,8.1918281711,-4.5595234643,3.1262227269,452
83044,192936,207003,8.027919823,-4.4183469309,2.9431717980000003,453
82906,192861,206923,8.01595571,-4.5248275366,3.038884702,454
83038,192841,206909,8.1415788965,-4.5188454800999995,2.9934210726,455
83220,192883,206966,8.0937224445,-4.3345981399,3.0711878071,456
83368,192918,207018,8.0183485326,-4.4769710846,3.1357940173,457
83478,193009,207010,8.0769726863,-4.3884366484,3.0005995404,458
83564,193002,207038,8.039883936,-4.465006971599999,3.0532416376,459
83663,193068,207082,8.147560953,-4.3956151162,3.0544380489000003,460
83778,193117,207116,8.1009009123,-4.4542392699,3.0771698636,461
83926,193190,207115,8.102097323599999,-4.387240237099999,3.0640093393,462
84102,193269,207168,7.9836526049,-4.3812581806,3.1154550251999997,463
84279,193316,207224,8.0685978072,-4.4327038665,3.0592236941,464
84459,193407,207269,8.0063844196,-4.3932222936,3.086741154,465
84641,193465,207359,7.9884382501,-4.387240237099999,3.0053851856000002,466
84840,193639,207408,8.0422767586,-4.4841495524,3.0185457098999997,467
85039,193692,207435,8.051848049,-4.3716868902,3.0364918793999998,468
85104,193757,207477,8.074579863699999,-4.462614149,3.098705267,469
84641,193639,207424,7.9130643382,-4.3692940676,3.0053851856000002,470
83898,193350,207274,8.070990629799999,-4.4877387863000004,3.0496524037,471
83244,193017,207107,8.087740388,-4.450650036,3.1429724850999996,472
82853,192805,207012,8.0817583315,-4.4697926167999995,2.9958138952,473
82640,192699,206965,8.129614783500001,-4.4207397534999995,2.9958138952,474
82593,192651,206858,7.8807612331,-4.4015971727,3.0209385325,475
82724,192683,206876,8.074579863699999,-4.4123648744,3.0269205889999995,476
82939,192728,206933,8.084151154099999,-4.3034914461,3.0831519201,477
83093,192798,206977,7.9788669596999995,-4.3298124947,3.1393832512,478
83213,192814,206970,7.9788669596999995,-4.382454591899999,3.0771698636,479
83311,192873,207022,8.1212399044,-4.5595234643,2.99102825,480
83438,192956,207046,7.9824561936,-4.387240237099999,2.9838497821999996,481
83559,193029,207041,8.1009009123,-4.4291146326,2.967100024,482
83706,193059,207136,8.1367932513,-4.4362931003999995,3.0484559924,483
83906,193118,207153,8.0135628874,-4.3860438258,3.0101708308,484
84085,193211,207203,7.9908310727,-4.465006971599999,3.0484559924,485
84285,193245,207270,8.0685978072,-4.450650036,3.0340990568,486
84498,193368,207331,8.2695949056,-4.4004007614,3.0927232105,487
84722,193484,207403,8.0231341778,-4.4769710846,2.9838497821999996,488
84907,193619,207476,8.0793655089,-4.4638105603,3.0436703472,489
85112,193694,207543,8.0542408716,-4.3920258823,3.1525437755,490
85182,193795,207503,7.9992059518000005,-4.582255279,3.1334011947,491
84750,193683,207489,7.969295669299999,-4.3716868902,2.8534409504999996,492
83976,193347,207327,8.170292767700001,-4.4039899953,2.9647072014,493
83335,193058,207177,8.0937224445,-4.366901245,3.0460631697999996,494
82952,192846,207051,7.992027484,-4.5020957219,3.1010980895999998,495
82777,192736,207013,7.920242806,-4.4518464473,3.0927232105,496
82763,192653,206977,8.1140614366,-4.4542392699,3.0029923629999997,497
82904,192722,206939,7.9716884919,-4.353740720699999,3.1238299043,498
83109,192824,207005,7.9585279676,-4.4171505196,3.0604201053999995,499
83273,192826,207043,8.1367932513,-4.5092741897,2.979064137,500
156113,209810,300753,-1.4715858990000001,9.7160561673,0.7274180704000001,710
156402,209837,300774,-1.4715858990000001,9.7160561673,0.7274180704000001,711
155520,209707,300737,-1.4715858990000001,9.7160561673,0.7274180704000001,712
153034,209310,300518,-1.4715858990000001,9.7160561673,0.7274180704000001,713
150757,209030,300307,-1.4715858990000001,9.7160561673,0.7274180704000001,714
149971,208816,300173,-1.4715858990000001,9.7160561673,0.7274180704000001,715
149800,208780,300118,-1.4715858990000001,9.7160561673,0.7274180704000001,716
149847,208730,300043,-1.4715858990000001,9.7160561673,0.7274180704000001,717
150200,208725,300060,-1.4715858990000001,9.7160561673,0.7274180704000001,718
150757,208803,300076,-1.4715858990000001,9.7160561673,0.7274180704000001,719
151176,208835,300094,-1.4715858990000001,9.7160561673,0.7274180704000001,720
151385,208882,300161,-1.4715858990000001,9.7160561673,0.7274180704000001,721
151596,208939,300188,-1.4715858990000001,9.7160561673,0.7274180704000001,722
151861,208969,300260,-1.4715858990000001,9.7160561673,0.7274180704000001,723
152276,209050,300245,-1.4715858990000001,9.7160561673,0.7274180704000001,724
152730,209128,300351,-1.4715858990000001,9.7160561673,0.7274180704000001,725
153219,209172,300311,-1.4715858990000001,9.7160561673,0.7274180704000001,726
153590,209283,300388,-1.4715858990000001,9.7160561673,0.7274180704000001,727
154052,209326,300457,-1.4715858990000001,9.7160561673,0.7274180704000001,728
154512,209449,300570,-1.4715858990000001,9.7160561673,0.7274180704000001,729
154940,209561,300604,-1.4715858990000001,9.7160561673,0.7274180704000001,730
154954,209543,300522,-1.4715858990000001,9.7160561673,0.7274180704000001,731
153478,209368,300422,-1.6091731985,9.728020280299999,0.7740781111,732
150966,208999,300193,-1.6091731985,9.728020280299999,0.7740781111,733
149517,208737,300079,-1.6486547714,9.7830552001,0.7226324252,734
149194,208652,300007,-1.531406464,9.9134640318,0.7345965382,735
149203,208595,299984,-1.6462619487999999,9.9026963301,0.8147560952999999,736
149512,208675,299929,-1.639083481,9.9014999188,0.765703232,737
150020,208639,299949,-1.6917255782,9.8404829425,0.6819544409999999,738
150635,208709,299968,-1.5517454561000001,9.7651090306,0.6915257314000001,739
150963,208791,300035,-1.5649059803999998,9.767501853199999,0.7788637562999999,740
151141,208813,300081,-1.758724611,9.7698946758,0.6508477471999999,741
151403,208867,300053,-1.5230315848999998,9.7172525786,0.7381857721,742
151822,208927,300152,-1.770688724,9.786644434,0.7322037156,743
152209,209005,300193,-1.4512469069,9.8895358058,0.7441678286,744
152686,209040,300276,-1.6689937635,9.798608546999999,0.7501498851,745
153151,209132,300303,-1.7443676754000002,9.7435736272,0.6819544409999999,746
153647,209295,300403,-1.6486547714,9.9086783866,0.8482556117000001,747
154069,209328,300436,-1.5266208188,9.7196454012,0.7980063370999999,748
154466,209388,300417,-1.6677973521999998,9.808179837399999,0.6759723845,749
154903,209479,300572,-1.6677973521999998,9.808179837399999,0.6759723845,750
155346,209563,300587,-1.6677973521999998,9.808179837399999,0.6759723845,751
155677,209670,300670,-1.6677973521999998,9.808179837399999,0.6759723845,752
155006,209556,300556,-1.6677973521999998,9.808179837399999,0.6759723845,753
152663,209233,300420,-1.6677973521999998,9.808179837399999,0.6759723845,754
150462,208945,300245,-1.6677973521999998,9.808179837399999,0.6759723845,755
149713,208737,300074,-1.6677973521999998,9.808179837399999,0.6759723845,756
149744,208729,300173,-1.6677973521999998,9.808179837399999,0.6759723845,757
149947,208736,300163,-1.639083481,9.8010013696,0.7752745223999999,758
150432,208813,300134,-1.6558332392,9.808179837399999,0.7645068207,759
151059,208848,300112,-1.6043875533,9.8739824589,0.7633104094,760
151506,208959,300242,-1.6043875533,9.8739824589,0.7633104094,761
151723,208967,300290,-1.6043875533,9.8739824589,0.7633104094,762
151978,209087,300341,-1.6043875533,9.8739824589,0.7633104094,763
152309,209135,300472,-1.6043875533,9.8739824589,0.7633104094,764
152757,209215,300443,-1.6043875533,9.8739824589,0.7633104094,765
153272,209268,300527,-1.6043875533,9.8739824589,0.7633104094,766
153688,209377,300577,-1.6043875533,9.8739824589,0.7633104094,767
154166,209429,300686,-1.6043875533,9.8739824589,0.7633104094,768
154647,209590,300796,-1.6043875533,9.8739824589,0.7633104094,769
155183,209757,300958,-1.6043875533,9.8739824589,0.7633104094,770
155482,209816,300921,-1.6043875533,9.8739824589,0.7633104094,771
154890,209675,300867,-1.6043875533,9.8739824589,0.7633104094,772
152800,209456,300687,-1.6043875533,9.8739824589,0.7633104094,773
151011,209142,300493,-1.6043875533,9.8739824589,0.7633104094,774
150525,209021,300467,-1.6043875533,9.8739824589,0.7633104094,775
150722,208993,300434,-1.6043875533,9.8739824589,0.7633104094,776
151049,208963,300452,-1.6043875533,9.8739824589,0.7633104094,777
151647,209018,300471,-1.6043875533,9.8739824589,0.7633104094,778
152234,209065,300442,-1.6043875533,9.8739824589,0.7633104094,779
152597,209064,300499,-1.6043875533,9.8739824589,0.7633104094,780
152721,209163,300529,-1.6043875533,9.8739824589,0.7633104094,781
152980,209238,300600,-1.6043875533,9.8739824589,0.7633104094,782
153348,209281,300569,-1.6043875533,9.8739824589,0.7633104094,783
153823,209346,300658,-1.6067803759000001,9.888339394499999,0.7154539574000001,784
154302,209446,300697,-1.6067803759000001,9.888339394499999,0.7154539574000001,785
154721,209489,300750,-1.6067803759000001,9.888339394499999,0.7154539574000001,786
155177,209597,300861,-1.6067803759000001,9.888339394499999,0.7154539574000001,787
155594,209709,300898,-1.6067803759000001,9.888339394499999,0.7154539574000001,788
156019,209771,300977,-1.6067803759000001,9.888339394499999,0.7154539574000001,789
156464,209826,301036,-1.6067803759000001,9.888339394499999,0.7154539574000001,790
156894,209960,301144,-1.6067803759000001,9.888339394499999,0.7154539574000001,791
157191,209968,301073,-1.6067803759000001,9.888339394499999,0.7154539574000001,792
156651,209894,300988,-1.6067803759000001,9.888339394499999,0.7154539574000001,793
154440,209565,300934,-1.6067803759000001,9.888339394499999,0.7154539574000001,794
152328,209281,300676,-1.6067803759000001,9.888339394499999,0.7154539574000001,795
151658,209101,300594,-1.6067803759000001,9.888339394499999,0.7154539574000001,796
151720,209037,300486,-1.6067803759000001,9.888339394499999,0.7154539574000001,797
151965,209018,300483,-1.6067803759000001,9.888339394499999,0.7154539574000001,798
152383,209027,300481,-1.6067803759000001,9.888339394499999,0.7154539574000001,799
152902,208976,300463,-1.6067803759000001,9.888339394499999,0.7154539574000001,800
153181,209038,300473,-1.6067803759000001,9.888339394499999,0.7154539574000001,801
153282,209088,300625,-1.6067803759000001,9.888339394499999,0.7154539574000001,802
153412,209125,300554,-1.5038890041,9.6155576181,0.7274180704000001,803
153673,209140,300640,-1.5038890041,9.6155576181,0.7274180704000001,804
154028,209206,300621,-1.5038890041,9.6155576181,0.7274180704000001,805
154431,209269,300655,-1.5038890041,9.6155576181,0.7274180704000001,806
154729,209328,300675,-1.5038890041,9.6155576181,0.7274180704000001,807
155134,209413,300826,-1.5038890041,9.6155576181,0.7274180704000001,808
155552,209544,300851,-1.5038890041,9.6155576181,0.7274180704000001,809
155920,209640,300829,-1.5038890041,9.6155576181,0.7274180704000001,810
155724,209586,300839,-1.5038890041,9.6155576181,0.7274180704000001,811
153986,209370,300701,-1.5038890041,9.6155576181,0.7274180704000001,812
151633,209050,300467,-1.5038890041,9.6155576181,0.7274180704000001,813
150460,208822,300393,-1.5038890041,9.6155576181,0.7274180704000001,814
150233,208780,300349,-1.5038890041,9.6155576181,0.7274180704000001,815
150281,208739,300262,-1.5038890041,9.6155576181,0.7274180704000001,816
150638,208737,300212,-1.5038890041,9.6155576181,0.7274180704000001,817
151168,208739,300257,-1.5038890041,9.6155576181,0.7274180704000001,818
151631,208779,300219,-1.5038890041,9.6155576181,0.7274180704000001,819
151824,208855,300232,-1.5038890041,9.6155576181,0.7274180704000001,820
151988,208879,300231,-1.5038890041,9.6155576181,0.7274180704000001,821
152313,208977,300335,-1.5038890041,9.6155576181,0.7274180704000001,822
152693,209035,300324,-1.5038890041,9.6155576181,0.7274180704000001,823
153123,209086,300414,-1.5038890041,9.6155576181,0.7274180704000001,824
153536,209148,300422,-1.5038890041,9.6155576181,0.7274180704000001,825
153951,209247,300419,-1.5038890041,9.6155576181,0.7274180704000001,826
154375,209309,300543,-1.5038890041,9.6155576181,0.7274180704000001,827
154787,209363,300607,-1.4943177136999999,9.750752095,0.6628118601999999,828
155199,209426,300616,-1.4943177136999999,9.750752095,0.6628118601999999,829
155600,209533,300698,-1.4943177136999999,9.750752095,0.6628118601999999,830
156014,209627,300714,-1.4943177136999999,9.750752095,0.6628118601999999,831
155930,209627,300651,-1.4943177136999999,9.750752095,0.6628118601999999,832
154155,209396,300565,-1.4943177136999999,9.750752095,0.6628118601999999,833
151376,209007,300302,-1.4943177136999999,9.750752095,0.6628118601999999,834
149849,208731,300198,-1.4943177136999999,9.750752095,0.6628118601999999,835
149481,208612,300087,-1.4943177136999999,9.750752095,0.6628118601999999,836
149365,208619,300064,-1.4943177136999999,9.750752095,0.6628118601999999,837
149517,208563,299991,-1.4943177136999999,9.750752095,0.6628118601999999,838
150064,208625,300052,-1.4943177136999999,9.750752095,0.6628118601999999,839
150590,208610,300053,-1.4943177136999999,9.750752095,0.6628118601999999,840
150939,208690,300065,-1.4943177136999999,9.750752095,0.6628118601999999,841
151108,208715,300170,-1.4943177136999999,9.750752095,0.6628118601999999,842
151360,208820,300156,-1.4943177136999999,9.750752095,0.6628118601999999,843
151755,208873,300180,-1.4943177136999999,9.750752095,0.6628118601999999,844
152237,208963,300277,-1.4943177136999999,9.750752095,0.6628118601999999,845
152694,209021,300330,-1.4943177136999999,9.750752095,0.6628118601999999,846
153179,209114,300381,-1.4943177136999999,9.750752095,0.6628118601999999,847
153594,209160,300377,-1.4943177136999999,9.750752095,0.6628118601999999,848
154052,209248,300407,-1.4943177136999999,9.750752095,0.6628118601999999,849
154512,209371,300549,-1.4943177136999999,9.750752095,0.6628118601999999,850
154934,209483,300583,-1.4943177136999999,9.750752095,0.6628118601999999,851
155208,209505,300635,-1.4943177136999999,9.750752095,0.6628118601999999,852
154262,209384,300514,-1.4943177136999999,9.750752095,0.6628118601999999,853
151753,209086,300293,-1.4943177136999999,9.750752095,0.6628118601999999,854
149745,208732,300114,-1.4943177136999999,9.750752095,0.6628118601999999,855
149131,208603,299992,-1.4943177136999999,9.750752095,0.6628118601999999,856
149101,208563,299976,-1.4943177136999999,9.750752095,0.6628118601999999,857
149293,208562,299993,-1.4943177136999999,9.750752095,0.6628118601999999,858
149782,208583,300003,-1.4943177136999999,9.750752095,0.6628118601999999,859
150407,208636,300025,-1.4943177136999999,9.750752095,0.6628118601999999,860
150812,208683,300026,-1.4943177136999999,9.750752095,0.6628118601999999,861
151034,208788,300133,-1.4943177136999999,9.750752095,0.6628118601999999,862
151280,208849,300136,-1.4943177136999999,9.750752095,0.6628118601999999,863
151616,208845,300174,-1.4943177136999999,9.750752095,0.6628118601999999,864
152104,208888,300309,-1.4943177136999999,9.750752095,0.6628118601999999,865
152573,209023,300273,-1.4943177136999999,9.750752095,0.6628118601999999,866
153055,209106,300354,-1.4943177136999999,9.750752095,0.6628118601999999,867
153523,209194,300406,-1.4943177136999999,9.750752095,0.6628118601999999,868
153970,209249,300496,-1.4943177136999999,9.750752095,0.6628118601999999,869
149864,208649,300020,-1.5864413838,9.8404829425,0.7609175868,870
150472,208719,300061,-1.5864413838,9.8404829425,0.7609175868,871
151005,208797,300123,-1.5864413838,9.8404829425,0.7609175868,872
151313,208872,300262,-1.5864413838,9.8404829425,0.7609175868,873
151557,208953,300322,-1.5864413838,9.8404829425,0.7609175868,874
151907,208997,300317,-1.5864413838,9.8404829425,0.7609175868,875
152342,209104,300373,-1.5864413838,9.8404829425,0.7609175868,876
152841,209206,300431,-1.5864413838,9.8404829425,0.7609175868,877
153369,209274,300525,-1.5864413838,9.8404829425,0.7609175868,878
153882,209375,300661,-1.5864413838,9.8404829425,0.7609175868,879
154368,209511,300755,-1.5864413838,9.8404829425,0.7609175868,880
154841,209615,300806,-1.5864413838,9.8404829425,0.7609175868,881
155367,209716,300841,-1.5864413838,9.8404829425,0.7609175868,882
155888,209807,300966,-1.5864413838,9.8404829425,0.7609175868,883
156099,209883,300964,-1.5864413838,9.8404829425,0.7609175868,884
155123,209729,300842,-1.5864413838,9.8404829425,0.7609175868,885
152702,209433,300717,-1.5864413838,9.8404829425,0.7609175868,886
150946,209182,300578,-1.5864413838,9.8404829425,0.7609175868,887
150585,209061,300603,-1.5864413838,9.8404829425,0.7609175868,888
150800,209104,300527,-1.5864413838,9.8404829425,0.7609175868,889
151225,209080,300576,-1.5732808595,9.774680321,0.71784678,890
151836,209099,300520,-1.6295121905999999,9.7531449176,0.7836494015,891
152411,209083,300524,-1.6893327556000002,9.7220382238,0.7668996433,892
152790,209162,300621,-1.6534404165999999,9.7316095142,0.741775006,893
152978,209280,300698,-1.6307086019,9.6861458848,0.7130611348,894
153226,209341,300728,-1.6043875533,9.7710910871,0.6819544409999999,895
153633,209406,300786,-1.7443676754000002,9.853643466800001,0.7824529901999999,896
154104,209457,300834,-1.7204394494000002,9.8668039911,0.729810893,897
154581,209626,300875,-1.6067803759000001,9.834500886,0.71784678,898
155008,209633,300961,-1.5565311013,9.798608546999999,0.729810893,899
155474,209717,300991,-1.5684952143000002,9.8404829425,0.7836494015,900
155972,209831,301073,-1.6534404165999999,9.852447055499999,0.7489534738,901
156442,209973,301116,-1.567298803,9.762716208,0.693918554,902
156567,209940,301136,-1.7168502155,9.8955178623,0.7728816998,903
155331,209779,301024,-1.6079767872,9.8321080634,0.7381857721,904
153044,209503,300909,-1.6534404165999999,9.8979106849,0.7130611348,905
151734,209272,300721,-1.591227029,9.8321080634,0.7525427077,906
151608,209181,300698,-1.579262916,9.714859756,0.7034898444000001,907
151903,209171,300701,-1.6845471104,9.7878408453,0.7393821834000001,908
152366,209212,300657,-1.6139588437,9.8871429832,0.693918554,909
152984,209181,300650,-1.6474583601,9.785448022699999,0.7501498851,910
153428,209216,300646,-1.7371892076000002,9.7842516114,0.7561319416,911
153657,209223,300655,-1.6366906583999998,9.7842516114,0.6843472636,912
153822,209299,300744,-1.6869399330000001,9.633503787599999,0.8075776275,913
154068,209361,300752,-1.7527425545,9.6861458848,0.7034898444000001,914
154474,209477,300733,-1.5601203352,9.869196813699999,0.7345965382,915
154864,209474,300876,-1.6689937635,9.8644111685,0.6281159325,916
155267,209510,300907,-1.579262916,9.798608546999999,0.7154539574000001,917
155627,209529,300920,-1.6558332392,9.7292166916,0.7812565789,918
156002,209657,300933,-1.8197415872999998,9.888339394499999,0.7441678286,919
156382,209782,301179,-1.7324035624,9.7232346351,0.7202396026000001,920
156806,209876,301119,-1.6953148121,9.8033941922,0.7992027483999999,921
157133,209940,301158,-1.6402798923,9.7770731436,0.5826523031,922
156901,209846,301070,-1.6414763036,9.8847501606,0.7465606512,923
154955,209657,300945,-1.6821542877999998,9.8847501606,0.7633104094,924
152435,209318,300821,-1.6510475939999998,9.8189475391,0.7585247642,925
151328,209059,300650,-1.6450655375,9.702895643,0.7369893608,926
151250,209056,300611,-1.746760498,9.8201439504,0.7345965382,927
151402,208993,300523,-1.6307086019,9.7770731436,0.8075776275,928
151803,209008,300503,-1.7060825138000002,9.7938229018,0.7393821834000001,929
